{"cameraMode":{"drawMode":0,"name":"Shaded","section":"Shading Mode"},"sceneLighting":false,"audioPlay":false,"sceneViewState":{"showFog":true,"showMaterialUpdate":false,"showSkybox":false,"showFlares":true,"showImageEffects":true,"showParticleSystems":true},"in2DMode":false,"pivot":{"x":-5.960659027099609,"y":0.0591731071472168,"z":0.009313583374023438},"rotation":{"x":0.21139724552631379,"y":0.004400518257170916,"z":-0.0009386787423864007,"w":0.9774174690246582},"size":32.8846321105957,"orthographic":true}