{"cameraMode":{"drawMode":0,"name":"Shaded","section":"Shading Mode"},"sceneLighting":false,"audioPlay":false,"sceneViewState":{"showFog":true,"showMaterialUpdate":false,"showSkybox":false,"showFlares":true,"showImageEffects":true,"showParticleSystems":true},"in2DMode":false,"pivot":{"x":494.40753173828127,"y":-1.866347074508667,"z":125.50950622558594},"rotation":{"x":0.06744849681854248,"y":-0.005986889824271202,"z":0.0004048554110340774,"w":0.9977191686630249},"size":326.6241760253906,"orthographic":true}